Category	Term	Count	%	PValue	Genes	List Total	Pop Hits	Pop Total	Fold Enrichment	Bonferroni	Benjamini	FDR
GOTERM_BP_DIRECT	GO:0043161~proteasome-mediated ubiquitin-dependent protein catabolic process	4	80.0	1.5936474195024174E-5	PSMA3, PSMA4, PSMC6, PSMA2	5	311	19478	50.10418006430868	1.912209291313749E-4	1.9123769034029009E-4	1.9123769034029009E-4
GOTERM_BP_DIRECT	GO:0051603~proteolysis involved in protein catabolic process	3	60.0	4.343566955550083E-5	PSMA3, PSMA4, PSMA2	5	53	19478	220.50566037735848	5.211035333044789E-4	2.60614017333005E-4	2.60614017333005E-4
GOTERM_BP_DIRECT	GO:0006511~ubiquitin-dependent protein catabolic process	3	60.0	8.704289927678363E-4	PSMA3, PSMA4, PSMA2	5	237	19478	49.31139240506329	0.01039528803685974	0.003481715971071345	0.003481715971071345
