Category	Term	Count	%	PValue	Genes	List Total	Pop Hits	Pop Total	Fold Enrichment	Bonferroni	Benjamini	FDR
GOTERM_CC_DIRECT	GO:0000502~proteasome complex	4	80.0	8.660093263250191E-8	PSMA3, PSMA4, PSMC6, PSMA2	5	59	20795	281.96610169491527	2.0784203136337E-6	2.078422383180046E-6	1.6454177200175362E-6
GOTERM_CC_DIRECT	GO:0019773~proteasome core complex, alpha-subunit complex	3	60.0	1.5254440952286822E-6	PSMA3, PSMA4, PSMA2	5	11	20795	1134.2727272727273	3.661001604704506E-5	1.8305329142744186E-5	1.449171890467248E-5
GOTERM_CC_DIRECT	GO:0005839~proteasome core complex	3	60.0	5.266674392168491E-6	PSMA3, PSMA4, PSMA2	5	20	20795	623.85	1.2639253005830575E-4	4.213339513734793E-5	3.3355604483733774E-5
GOTERM_CC_DIRECT	GO:0070062~extracellular exosome	4	80.0	0.004602547393301348	PSMA3, PSMA4, PSMC6, PSMA2	5	2242	20795	7.4201605709188225	0.10480716107870025	0.027323198938960135	0.02163086582667677
GOTERM_CC_DIRECT	GO:0005829~cytosol	5	100.0	0.005692333112283361	EIF3M, PSMA3, PSMA4, PSMC6, PSMA2	5	5713	20795	3.639943987397164	0.1280352746503458	0.027323198938960135	0.02163086582667677
GOTERM_CC_DIRECT	GO:0000932~P-body	2	40.0	0.019098455009729186	PSMA4, PSMA2	5	100	20795	83.18	0.3704792555157763	0.07639382003891675	0.06047844086414242
GOTERM_CC_DIRECT	GO:0005654~nucleoplasm	4	80.0	0.026237536551718985	PSMA3, PSMA4, PSMC6, PSMA2	5	4107	20795	4.050645239834429	0.4717096170246624	0.08995726817732223	0.0712161706403801
GOTERM_CC_DIRECT	GO:0005634~nucleus	4	80.0	0.08388008024778153	PSMA3, PSMA4, PSMC6, PSMA2	5	6244	20795	2.664317745035234	0.8778605857351227	0.25164024074334457	0.19921519058848114
